sub_collection,card_name,quantity
Stiflenought,Phyrexian Dreadnought,4
Stiflenought,Counterspell,4
Stiflenought,Foil,4
Stiflenought,Stifle,4
Stiflenought,Opt,4
Stiflenought,Portent,4
Stiflenought,Vision Charm,4
Stiflenought,Daze,2
Stiflenought,Impulse,2
Stiflenought,Peek,1
Stiflenought,Chain of Vapor,2
Stiflenought,Powder Keg,1
Stiflenought,Thwart,1
Stiflenought,Gush,4
Stiflenought,Misdirection,1
Stiflenought,Flash of Insight,2
Stiflenought,Island,17
Stiflenought,Annul,3
Stiflenought,Blue Elemental Blast,2
Stiflenought,Hydroblast,2
Stiflenought,Essence Flare,3
Stiflenought,Back to Basics,2
Stiflenought,Brain Freeze,2
UW Replenish,Frantic Search,3
UW Replenish,Intuition,3
UW Replenish,Mana Leak,2
UW Replenish,Swords to Plowshares,1
UW Replenish,Replenish,4
UW Replenish,Attunement,4
UW Replenish,Parallax Wave,4
UW Replenish,Seal of Cleansing,2
UW Replenish,Adarkar Wastes,4
UW Replenish,Ancient Tomb,4
UW Replenish,Flooded Strand,4
UW Replenish,Skycloud Expanse,4
UW Replenish,Exalted Angel,2
UW Replenish,Hydroblast,2
UW Replenish,Tsabo's Web,2
UW Replenish,Seal of Cleansing,2
Elves,Masticore,1
Elves,Nantuko Vigilante,1
Elves,Deranged Hermit,3
Elves,Fyndhorn Elves,1
Elves,Llanowar Elves,4
Elves,Multani's Acolyte,1
Elves,Survival of the Fittest,4
Elves,Gaea's Cradle,3
Elves,Naturalize,4
Elves,Tranquil Domain,2
Elves,Wall of Blossoms,2
Elves,Argothian Enchantress,2
Elves,Quirion Ranger,3
Elves,Yavimaya Granger,1
UW Replenish,Decree of Silence,1
UW Replenish,Opalescence,1
Enchantress,Mirri's Guile,4
Enchantress,Parallax Wave,1
Enchantress,Enchantress's Presence,2
Enchantress,Xantid Swarm,1
Enchantress,Serra's Sanctum,4
Enchantress,Windswept Heath,4
Enchantress,Wooded Foothills,2
Enchantress,Aura of Silence,1
Oath of Druids,Thermokarst,2
Oath of Druids,Vindicate,1
Oath of Druids,Terravore,1
Oath of Druids,Sylvan Library,3
Oath of Druids,Sphere of Resistance,4
Oath of Druids,Oath of Druids,4
Oath of Druids,Mox Diamond,3
Oath of Druids,Treetop Village,4
Oath of Druids,Wasteland,4
Oath of Druids,Call of the Herd,1
Oath of Druids,Mishra's Factory,3
Oath of Druids,Rishadan Port,2
Oath of Druids,Gemstone Mine,4
Ill-Gotten Gains,Dark Ritual,1
Ill-Gotten Gains,Flash of Insight,1
Ill-Gotten Gains,Intuition,1
Ill-Gotten Gains,Lotus Petal,4
Ill-Gotten Gains,Lion's Eye Diamond,2
Ill-Gotten Gains,Underground River,2
Ill-Gotten Gains,Polluted Delta,3
Ill-Gotten Gains,Annul,1
Ill-Gotten Gains,Arcane Denial,3
Ill-Gotten Gains,Duress,4
Ill-Gotten Gains,Smother,1
Cloud cEDH,Memnite,1
Cloud cEDH,Myr Moonvessel,1
Cloud cEDH,Myr Retriever,1
Cloud cEDH,Ornithopter,1
Cloud cEDH,Auriok Salvagers,1
Cloud cEDH,Auriok Steelshaper,1
Cloud cEDH,"Tezzeret, Cruel Captain",1
Cloud cEDH,"Boromir, Warden of the Tower",1
Cloud cEDH,"Cloud, Midgar Mercenary",1
Cloud cEDH,Curious Farm Animals,1
Cloud cEDH,"Éowyn, Lady of Rohan",1
Cloud cEDH,Esper Sentinel,1
Cloud cEDH,Glaring Fleshraker,1
Cloud cEDH,Grand Abolisher,1
Cloud cEDH,Puresteel Paladin,1
Cloud cEDH,Ranger-Captain of Eos,1
Cloud cEDH,Recruiter of the Guard,1
Cloud cEDH,Salvage Scout,1
Cloud cEDH,Scrap Trawler,1
Cloud cEDH,Solitude,1
Cloud cEDH,Starfield Shepherd,1
Cloud cEDH,Silence,1
Cloud cEDH,Arcane Signet,1
Cloud cEDH,Ashnod's Altar,1
Cloud cEDH,Return to the Ranks,1
Cloud cEDH,Sevinne's Reclamation,1
Cloud cEDH,Abolish,1
Cloud cEDH,Enlightened Tutor,1
Cloud cEDH,Orim's Chant,1
Cloud cEDH,Patrician's Scorn,1
Cloud cEDH,Voice of Victory,1
Cloud cEDH,"Teshar, Ancestor's Apostle",1
Cloud cEDH,Walking Ballista,1
Cloud cEDH,Witch Enchanter,1
Cloud cEDH,Helping Hand,1
Cloud cEDH,Jolted Awake,1
Cloud cEDH,Chrome Mox,1
Cloud cEDH,Grim Monolith,1
Cloud cEDH,Krark-Clan Ironworks,1
Cloud cEDH,Ancient Den,1
Cloud cEDH,Ancient Tomb,1
Cloud cEDH,Cavern of Souls,1
Cloud cEDH,City of Traitors,1
Cloud cEDH,Springleaf Drum,1
Cloud cEDH,Tormod's Crypt,1
Cloud cEDH,Touch the Spirit Realm,1
Cloud cEDH,Oketra's Monument,1
Cloud cEDH,Paradise Mantle,1
Cloud cEDH,Pre-War Formalwear,1
Cloud cEDH,Phoenix Down,1
Cloud cEDH,Phyrexian Altar,1
Cloud cEDH,Skullclamp,1
Cloud cEDH,Sol Ring,1
Cloud cEDH,Gemstone Caverns,1
Cloud cEDH,Urza's Saga,1
Cloud cEDH,Plains,12
